id;name
1;incidentally
2;unto
3;weight shimmering nor
4;yeast
5;why clamor
6;throughout yum sun
7;mid oof snoopy
8;excepting
9;extroverted
10;distant yuck why
11;worth hoot righteously
12;ouch
13;sidetrack
14;however
15;accountability hollow closely
16;log that
17;between reiterate
18;regarding
19;gracefully
20;woot
21;mallard dishearten however
22;rich
23;pigpen blight
24;once issue glass
25;and er
26;excited delirious
27;executor how
28;inasmuch openly
29;doorpost
30;delightfully laughter ample
